<?xml version="1.0" encoding="UTF-8"?>
<?xml-stylesheet type='text/xsl' href='_UpgradeReport_Files/UpgradeReport.xslt'?>
<UpgradeLog>
<Properties><Property Name="Solution" Value="TableEditor">
</Property><Property Name="Solution File" Value="C:\Program Files\MySQL\MySQL Connector Net 1.0.7\samples\Table Editor\cs\TableEditor.sln">
</Property><Property Name="Date" Value="22 April 2006">
</Property><Property Name="Time" Value="19:07:47">
</Property></Properties><Event ErrorLevel="0" Project="TableEditor" Source="TableEditor.csproj" Description="Project file successfully backed up as C:\Program Files\MySQL\MySQL Connector Net 1.0.7\samples\Table Editor\cs\Backup\TableEditor.csproj">
</Event><Event ErrorLevel="0" Project="TableEditor" Source="AssemblyInfo.cs" Description="File successfully backed up as C:\Program Files\MySQL\MySQL Connector Net 1.0.7\samples\Table Editor\cs\Backup\AssemblyInfo.cs">
</Event><Event ErrorLevel="0" Project="TableEditor" Source="Form1.cs" Description="File successfully backed up as C:\Program Files\MySQL\MySQL Connector Net 1.0.7\samples\Table Editor\cs\Backup\Form1.cs">
</Event><Event ErrorLevel="0" Project="TableEditor" Source="App.ico" Description="File successfully backed up as C:\Program Files\MySQL\MySQL Connector Net 1.0.7\samples\Table Editor\cs\Backup\App.ico">
</Event><Event ErrorLevel="0" Project="TableEditor" Source="Form1.resx" Description="File successfully backed up as C:\Program Files\MySQL\MySQL Connector Net 1.0.7\samples\Table Editor\cs\Backup\Form1.resx">
</Event><Event ErrorLevel="0" Project="TableEditor" Source="TableEditor.csproj" Description="Project converted successfully">
</Event><Event ErrorLevel="3" Project="TableEditor" Source="TableEditor.csproj" Description="Converted">
</Event><Event ErrorLevel="0" Project="TableEditor" Source="TableEditor.csproj" Description="Scan complete: Upgrade not required for project files.">
</Event></UpgradeLog>
